author,title,doi,article_type,lang,pdf_url,keywords,review_url,code_url,volume,issue,year
"['Koustuv Sinha', 'Jesse Dodge', 'Sasha Luccioni', 'Jessica Zosa Forde', 'Sharath Chandra Raparthy', 'Joelle Pineau', 'Robert Stojnic']",ML Reproducibility Challenge 2021,10.5281/zenodo.6574723,Editorial,Python,https://zenodo.org/record/6574723/files/article.pdf,rescience c machine learning deep learning python pytorch,,,8,2,2022
"['Ankit Ankit', 'Sameer Ambekar', 'Baradwaj Varadharajan', 'Mark Alence']",[Re] Counterfactual Generative Networks,10.5281/zenodo.6574625,Replication,Python,https://zenodo.org/record/6574625/files/article.pdf,rescience c machine learning deep learning python pytorc deep generative models counterfactuals,https://openreview.net/forum?id=BSHg22G7n0F,https://github.com/ambekarsameer96/FACT_AI/,8,2,2022
"['Arjun Ashok', 'Haswanth Aekula']",[Re] Does Self-Supervision Always Improve Few-Shot Learning?,10.5281/zenodo.6574629,Replication,Python,https://zenodo.org/record/6574629/files/article.pdf,rescience c machine learning deep learning python pytorch few-shot learning self-supervised learning,https://openreview.net/forum?id=ScfP3G73CY,https://github.com/ashok-arjun/MLRC-2021-Few-Shot-Learning-And-Self-Supervision/,8,2,2022
"['Ioannis Athanasiadis', 'Georgios Moschovis', 'Alexander Tuoma']",[Re] Weakly-Supervised Semantic Segmentation via Transformer Explainability,10.5281/zenodo.6574631,Replication,Python,https://zenodo.org/record/6574631/files/article.pdf,rescience c machine learning deep learning python pytorch,https://openreview.net/forum?id=rcEDhGX3AY,https://github.com/athaioan/ViT_Affinity_Reproducibility_Challenge,8,2,2022
"['Piyush Bagad', 'Paul Hilders', 'Jesse Maas', 'Danilo de Goede']",[Re] Reproducibility Study of “Counterfactual Generative Networks”,10.5281/zenodo.6574635,Replication,Python,https://zenodo.org/record/6574635/files/article.pdf,rescience c machine learning python pytorch deep generative models counterfactuals,https://openreview.net/forum?id=HNlzT3G720t,https://github.com/danilodegoede/fact-team3/,8,2,2022
"['Sarah de Boer', 'Radu Alexandru Cosma', 'Lukas Knobel', 'Yeskendir Koishekenov', 'Benjamin Shaffrey']",[Re] Data-Driven Methods for Balancing Fairness and Efficiency in Ride-Pooling,10.5281/zenodo.6574637,Replication,Python,https://zenodo.org/record/6574637/files/article.pdf,rescience c ride-pooling fairness LSTM ILP resource allocation matching algorithms reinforcement learning machine learning deep learning python pytorch,https://openreview.net/forum?id=BE3Ms3GXhCF,https://github.com/reproducibilityaccount/reproducing-ridesharing,8,2,2022
"['Matteo Brivio', 'Çağrı Çöltekin']",[¬Re] Hate Speech Detection based on Sentiment Knowledge Sharing,10.5281/zenodo.6574639,Replication,Python,https://zenodo.org/record/6574639/files/article.pdf,rescience c machine learning deep learning python tensorflow NLP hate speech sentiment,https://openreview.net/forum?id=SSSGs3M7nRY,https://github.com/matteobrv/repro-SKS,8,2,2022
"['Maarten Burger', 'Kaya ter Burg', 'Sam Titarsolej', 'Selina Jasmin Khan']",[Re] Reproducibility Study - SCOUTER: Slot Attention-based Classifier for Explainable Image Recognition,10.5281/zenodo.6574641,Replication,Python,https://zenodo.org/record/6574641/files/article.pdf,rescience c machine learning deep learning SCOUTER XAI Explainable AI Interpretable Reproducibility Attention Self-attention Computer Vision python pytorch,https://openreview.net/forum?id=HZNlq3fmhRF,https://github.com/kayatb/reproduce_SCOUTER,8,2,2022
"['Anirudh Buvanesh', 'Madhur Panwar']",[Re] AdaBelief Optimizer: Adapting Stepsizes by the Belief in Observed Gradients,10.5281/zenodo.6574643,Replication,Python,https://zenodo.org/record/6574643/files/article.pdf,rescience c machine learning optimizers image classification language modelling generative adversarial networks,https://openreview.net/forum?id=B9gDnMmn0t,https://github.com/anirudhb11/Adabelief-Optimizer-RC,8,2,2022
"['Vishnu Asutosh Dasu', 'Midhush Manohar T.K.']",[Re] GANSpace: Discovering Interpretable GAN Controls,10.5281/zenodo.6574645,Replication,Python,https://zenodo.org/record/6574645/files/article.pdf,rescience c machine learning deep learning python tensorflow numpy gans image synthesis,https://openreview.net/forum?id=BtZVD2f7n0F,https://github.com/midsterx/ReGANSpace,8,2,2022
"['Karolina Drabent', 'Stefan Wijnja', 'Thijs Sluijter', 'Konrad Bereda']","[Re] Replication study of ""Privacy-preserving Collaborative Learning""",10.5281/zenodo.6574647,Replication,Python,https://zenodo.org/record/6574647/files/article.pdf,rescience c machine learning deep learning python pytorch pytorch lightning federated learning data augmentation privacy,https://openreview.net/forum?id=SY84JTG73CK,https://github.com/stfwn/ats-privacy-replication,8,2,2022
['Benjamin Džubur'],[Re] A Cluster-based Approach for Improving Isotropy in Contextual Embedding Space,10.5281/zenodo.6574649,Replication,Python,https://zenodo.org/record/6574649/files/article.pdf,rescience c machine learning natural language processing python,https://openreview.net/forum?id=rxWeB3zQ2CY,https://github.com/Benidzu/isotropy_reproduction,8,2,2022
"['Erica Eaton', 'Pirouz Naghavi']","[Re] Reproduction and Extension of ""Queens are Powerful too: Mitigating Gender Bias in Dialogue Generation""",10.5281/zenodo.6574651,Replication,Python,https://zenodo.org/record/6574651/files/article.pdf,rescience c machine learning natural language processing deep learning python bias mitigation,https://openreview.net/forum?id=StblE2MQ3AY,https://github.com/Pnaghavi/Mitigating-Gender-Bias-in-Generated-Text,8,2,2022
"['Floor Eijkelboom', 'Mark Fokkema', 'Anna Lau', 'Luuk Verheijen']",[Re] Reproduction Study of Variational Fair Clustering,10.5281/zenodo.6574653,Replication,Python,https://zenodo.org/record/6574653/files/article.pdf,rescience c machine learning python pytorch clustering fairness,https://openreview.net/forum?id=rq8fRhMm20F,https://github.com/MarkiemarkF/FACT,8,2,2022
"['Chase van de Geijn', 'Victor Kyriacou', 'Irene Papadopoulou', 'Vasiliki Vasileiou']",[Re] Explaining in Style: Training a GAN to explain a classifier in StyleSpace,10.5281/zenodo.6574655,Replication,Python,https://zenodo.org/record/6574655/files/article.pdf,rescience c machine learning deep learning python pytorch,https://openreview.net/forum?id=SK8gAhfX2AK,https://github.com/irenepap2/Re_StylEx.git,8,2,2022
['Ian Hardy'],[Re] An Implementation of Fair Robust Learning,10.5281/zenodo.6574657,Replication,Python,https://zenodo.org/record/6574657/files/article.pdf,rescience c machine learning deep learning python pytorch adversarial training fairness robustness,https://openreview.net/forum?id=Sczshz7h0K,https://github.com/Ian-Hardy/Fair_Robust_Modeling,8,2,2022
"['Tobias Höppe', 'Agnieszka Miszkurka', 'Dennis Bogatov Wilkman']",[Re] Understanding Self-Supervised Learning Dynamics without Contrastive Pairs,10.5281/zenodo.6574659,Replication,Python,https://zenodo.org/record/6574659/files/article.pdf,rescience c machine learning deep learning python pytorch,https://openreview.net/forum?id=r4xe3nMQ3AY,https://github.com/miszkur/SelfSupervisedLearning,8,2,2022
"['Richard Jiles', 'Mohna Chakraborty']",[Re] Domain Generalization using Causal Matching,10.5281/zenodo.6574661,Replication,Python,https://zenodo.org/record/6574661/files/article.pdf,rescience c machine learning deep learning python pytorch,https://openreview.net/forum?id=r43elaGmhCY,https://github.com/rjiles/causalmatching,8,2,2022
"['Isa-Ali Kirca', 'Daniël Hamerslag', 'Afra Baas', 'Juno Prent']",[¬Re] Reproducibility Study of 'Exacerbating Algorithmic Bias through Fairness Attacks',10.5281/zenodo.6574663,Replication,Python,https://zenodo.org/record/6574663/files/article.pdf,rescience c machine learning deep learning python,https://openreview.net/forum?id=rKbgh3fXnRK,https://github.com/DCHamerslag/FACT,8,2,2022
"['Guilly Kolkman', 'Jan Athmer', 'Alex Labro', 'Maksymilian Kulicki']",[Re] Strategic classification made practical: reproduction,10.5281/zenodo.6574665,Replication,Python,https://zenodo.org/record/6574665/files/article.pdf,rescience c machine learning deep learning python pytorch,https://openreview.net/forum?id=rNgg03fXnRY,https://github.com/GuillyK/FACT-ai,8,2,2022
"['Evaline Bosch', 'Rutger Ettes', 'Daan Korporaal', 'Gijs van Meer']",[Re] Replication study of 'Explaining in Style: Training a GAN to explain a classifier in StyleSpace',10.5281/zenodo.6574667,Replication,Python,https://zenodo.org/record/6574667/files/article.pdf,rescience c machine learning deep learning python pytorch AI GANs SyleSpace reconstruction,https://openreview.net/forum?id=BtIz0nz7hRY,https://github.com/Gijsvanmeer/FACTinAI,8,2,2022
"['Matteo Tafuro', 'Andrea Lombardo', 'Tin Hadži Veljković', 'Lasse Becker-Czarnetzki']",[Re] Exacerbating Algorithmic Bias through Fairness Attacks,10.5281/zenodo.6574669,Replication,python,https://zenodo.org/record/6574669/files/article.pdf,rescience c rescience x reproducibility machine learning deep learning fairness python tensorflow adversarial attack fairness attack algorithmic bias influence attack on fairness anchoring attack,https://openreview.net/forum?id=H4lzChGmhCK,https://github.com/imandrealombardo/FACT-AI,8,2,2022
['Andra\\vz De~Luisa'],[Re] Thompson Sampling for Bandits with Clustered Arms,10.5281/zenodo.6574671,Replication,R,https://zenodo.org/record/6574671/files/article.pdf,Multi-armed bandits Thompson sampling R rescience c machine learning,https://openreview.net/forum?id=r5LS3fmh0t,https://github.com/andrazdeluisa/reproducibility_challenge,8,2,2022
"['Diego van der Mast', 'Soufiane Ben Haddou', 'Jacky Chu', 'Jaap Stefels']","[Re] Replication Study of ""Fairness and Bias in Online Selection""",10.5281/zenodo.6574673,Replication,Python,https://zenodo.org/record/6574673/files/article.pdf,rescience c rescience x Python machine learning fairness,https://openreview.net/forum?id=SNeep2MXn0K,https://github.com/Di-ayy-go/fact-ai,8,2,2022
"['Andy Chen', 'Shion Matsumoto', 'Rohan Sinha Varma']",[Re] Projection-based Algorithm for Updating the TruncatedSVD of Evolving Matrices,10.5281/zenodo.6574675,Replication,Python,https://zenodo.org/record/6574675/files/article.pdf,rescience c machine learning python pytorch,https://openreview.net/forum?id=HN2xWpMQ30K,https://github.com/andyzfchen/truncatedSVD,8,2,2022
"['Aryan Mehta', 'Karan Uppal', 'Kaushal Jadhav', 'Monish Natarajan', 'Mradul Agrawal', 'Debashish Chakravarty']",[Re] Background-Aware Pooling and Noise-Aware Loss for Weakly-Supervised Semantic Segmentation,10.5281/zenodo.6574677,Replication,Python,https://zenodo.org/record/6574677/files/article.pdf,rescience c machine learning deep learning python pytorch,https://openreview.net/forum?id=rUQllTGQhAY,https://github.com/karan-uppal3/BANA,8,2,2022
['Szymon Mikler'],[Re] Reproducibility Study: Comparing Rewinding and Fine-tuning in Neural Network Pruning,10.5281/zenodo.6574679,Replication,Python,https://zenodo.org/record/6574679/files/article.pdf,rescience c machine learning deep learning python tensorflow computer vision pruning,https://openreview.net/forum?id=HxWEL2zQ3AK,https://github.com/gahaalt/reproducing-comparing-rewinding-and-finetuning,8,2,2022
"['Angelos Nalmpantis', 'Apostolos Panagiotopoulos', 'John Gkountouras', 'Konstantinos Papakostas']",[Re] Exacerbating Algorithmic Bias through Fairness Attacks,10.5281/zenodo.6574681,Replication,Python,https://zenodo.org/record/6574681/files/article.pdf,rescience c machine learning python pytorch fairness adversarial attacks,https://openreview.net/forum?id=rYLMJ6zX3RF,https://github.com/toliz/fairness-attacks,8,2,2022
"['Vera Neplenbroek', 'Sabijn Perdijk', 'Victor Prins']",[Re] Replication study of 'Data-Driven Methods for Balancing Fairness and Efficiency in Ride-Pooling',10.5281/zenodo.6574683,Replication,Python,https://zenodo.org/record/6574683/files/article.pdf,rescience c machine learning deep learning python pytorch ridesharing fairness,https://openreview.net/forum?id=BEhgn2zm3CK,https://github.com/Veranep/rideshare-replication,8,2,2022
"['Alessio Galatolo', 'Alfred Nilsson']",[Re] Replicating and Improving GAN2Shape Through Novel Shape Priors and Training Steps,10.5281/zenodo.6574685,Replication,Python,https://zenodo.org/record/6574685/files/article.pdf,rescience c machine learning deep learning python pytorch gan2shape 3d,https://openreview.net/forum?id=B8mxkTzX2RY,https://github.com/alessioGalatolo/GAN-2D-to-3D,8,2,2022
"['Siba Smarak Panigrahi', 'Sohan Patnaik']",[Re] Value Alignment Verification,10.5281/zenodo.6574687,Replication,Python,https://zenodo.org/record/6574687/files/article.pdf,rescience c value alignment verification reinforcement learning machine learning python,https://openreview.net/forum?id=BFLM3nMmhCt,https://github.com/AIExL/vav_rc2021,8,2,2022
"['Roxana Petcu', 'Pim Praat', 'Jeroen Wijnen', 'Manolis Rerres']","[Re] Replication Study of ""Fairness and Bias in Online Selection""",10.5281/zenodo.6574689,Replication,Python,https://zenodo.org/record/6574689/files/article.pdf,rescience c machine learning online selection prophet problem secretary problem fairness bias Python,https://openreview.net/forum?id=S9gs3MmhAY,https://github.com/pimpraat/FACT-Ai,8,2,2022
"['Nils Peters', 'Joy Crosbie', ""Rachel van\\'t Hull"", 'Marius Strampel']",[¬Re] Reproducing 'Fair Selective Classification via Sufficiency',10.5281/zenodo.6574691,Replication,Python 3,https://zenodo.org/record/6574691/files/article.pdf,rescience c classification selective classification sufficiency machine learning Python 3,https://openreview.net/forum?id=r9Leh2M7hCt,https://github.com/MLRC2022FSCS/FSCS,8,2,2022
"['Rohit Ranjan', 'Himadri Bhakta', 'Animesh Jha', 'Parv Maheshwari']",[Re] Differentiable Spatial Planning using Transformers,10.5281/zenodo.6574693,Replication,Python,https://zenodo.org/record/6574693/files/article.pdf,rescience c machine learning deep learning python pytorch,https://openreview.net/forum?id=HFUI1pfQnCF,https://github.com/sirmisscriesalot/Differentiable-Spatial-Planning-using-Transformers,8,2,2022
"['Nick Rucks', 'Tobias Uelwer', 'Stefan Harmeling']",[Re] Solving Phase Retrieval With a Learned Reference,10.5281/zenodo.6574695,Replication,Python,https://zenodo.org/record/6574695/files/article.pdf,rescience c phase retrieval machine learning python pytorch,https://openreview.net/forum?id=rlWzUnM72RF,https://github.com/tuelwer/machine-learning-reproducibility-challenge-2021,8,2,2022
"['Roopsa Sen', 'Sidharth Sinha', 'Animesh Jha', 'Parv Maheshwari']",[Re] Reproducibility Report: Contrastive Learning of Socially-aware Motion Representations,10.5281/zenodo.6574697,Replication,Python,https://zenodo.org/record/6574697/files/article.pdf,rescience c machine learning deep learning python pytorch,https://openreview.net/forum?id=SIQEl6f7h0Y,https://github.com/RoopsaSen/social-nce-trajectron-plus-plus,8,2,2022
"['Abhishek Shukla', 'Sourya Roy', 'Yogesh Chawla', 'Avi Amalanshu', 'Shubhendu Pandey', 'Rudransh Agrawal', 'Aditya Uppal', 'Viswesh N', 'Pradipto Mondal', 'Anubhab Dasgupta', 'Debashis Chakravarty']","[Re] From goals, waypoints and paths to longterm human trajectory forecasting",10.5281/zenodo.6574699,Replication,Python,https://zenodo.org/record/6574699/files/article.pdf,rescience c trajectory prediction machine learning deep learning python pytorch,https://openreview.net/forum?id=HV2zgpM7n0F,https://github.com/Viswesh-N/MLRC-2021,8,2,2022
"['Vid Stropnik', 'Maruša Oražem']",[Re] Graph Edit Networks,10.5281/zenodo.6574701,Replication,Python,https://zenodo.org/record/6574701/files/article.pdf,machine learning network analysis graph machine learning pytorch python rescience c,https://openreview.net/forum?id=H5lOnzXhAY,https://github.com/MarusaOrazem/reproducibility_challenge,8,2,2022
"['Maša Kljun', 'Matija Teršek', 'Domen Vreš']",[Re] Learning to count everything,10.5281/zenodo.6574703,Replication,Python,https://zenodo.org/record/6574703/files/article.pdf,few-shot learning few-shot counting CNN counting data set rescience c machine learning python,https://openreview.net/forum?id=HKbgd3zmh0t,https://github.com/tersekmatija/re-LearningToCountEverything,8,2,2022
"['Jille van der Togt', 'Lea Tiyavorabun', 'Matteo Rosati', 'Giulio Starace']",[Re] Badder Seeds: Reproducing the Evaluation of Lexical Methods for Bias Measurement,10.5281/zenodo.6574705,Replication,Python,https://zenodo.org/record/6574705/files/article.pdf,rescience c machine learning deep learning python pytorch nlp bias seeds,https://openreview.net/forum?id=HcIxA3Mm2CF,https://github.com/thesofakillers/badder-seeds,8,2,2022
['Žiga Trojer'],[Re] Transparent Object Tracking Benchmark,10.5281/zenodo.6574707,Replication,Python Matlab,https://zenodo.org/record/6574707/files/article.pdf,rescience c machine learning deep learning tracking computer vision python pytorch matlab,https://openreview.net/forum?id=HxZZV3MQ20Y,https://github.com/trojerz/TOTB-reproducability,8,2,2022
"['Noah van der Vleuten', 'Tadija Radusinović', 'Rick Akkerman', 'Meilina Reksoprodjo']",[Re] Explaining in Style: Training a GAN to explain a classifier in StyleSpace,10.5281/zenodo.6574709,Replication,Python,https://zenodo.org/record/6574709/files/article.pdf,rescience c machine learning deep learning python pytorch explainable ai xai gan stylegan2 stylex,https://openreview.net/forum?id=SYUxyazQh0Y,https://github.com/NoahVl/Explaining-In-Style-Reproducibility-Study,8,2,2022
"['Velizar Shulev', 'Paul Verhagen', 'Shuai Wang', 'Jennifer Zhuge']",[Re] Replication Study of DECAF: Generating Fair Synthetic Data Using Causally-Aware Generative Networks,10.5281/zenodo.6574711,Replication,Python,https://zenodo.org/record/6574711/files/article.pdf,rescience c machine learning deep learning python pytorch reproducibility causal graphs debiasing,https://openreview.net/forum?id=SVx46hzmhRK,https://github.com/ShuaiWang97/UvA_FACT2022,8,2,2022
"['Alfonso Taboada Warmerdam', 'Lodewijk Loerakker', 'Lucas Meijer', 'Ole Nissen']",[Re] Privacy-preserving collaborative learning with automatic transformation search,10.5281/zenodo.6574713,Replication,Python,https://zenodo.org/record/6574713/files/article.pdf,rescience c machine learning deep learning python pytorch,https://openreview.net/forum?id=S9Iepnz7hRY,https://github.com/Linkerbrain/fact-ai-2021-project,8,2,2022
"['Romana Isabelle Wilschut', 'Thomas Paul Alexandre Wiggers', 'Roman Sebastiaan Oort', 'Thomas Arthur van Orden']",[Re] Robust Counterfactual Explanations on Graph Neural Networks,10.5281/zenodo.6574715,Replication,Python,https://zenodo.org/record/6574715/files/article.pdf,counterfactual explanations GNN robust graph neural networks interpretation explainable AI decision logic reproducibility python rescience c machine learning,https://openreview.net/forum?id=HWNgihGX20Y,https://github.com/RomanOort/FACTAI,8,2,2022
"['Doğa Yılmaz', 'Furkan Kınlı', 'Barış Özcan', 'Furkan Kıraç']",[Re] Lifting 2D StyleGAN for 3D-Aware Face Generation,10.5281/zenodo.6574719,Replication,Python,https://zenodo.org/record/6574719/files/article.pdf,face generation generative networks machine learning rescience c,https://openreview.net/forum?id=BcNonfQ3RY,https://github.com/yilmazdoga/lifting-2d-stylegan-for-3d-aware-face-generation,8,2,2022
['Urša Zrimšek'],[Re] Learning Unknown from Correlations: Graph Neural Network for Inter-novel-protein Interaction Prediction,10.5281/zenodo.6574721,Replication,Python,https://zenodo.org/record/6574721/files/article.pdf,multi-type inter-novel-protein interaction graph neural networks fair evaluation python rescience c replication machine learning,https://openreview.net/forum?id=Hc8GOhfmhRF,https://github.com/zrimseku/Reproducibility-Challenge,8,2,2022
"['Waqas Ahmed', 'Sheeba Samuel']",[Re] Nondeterminism and Instability in Neural Network Optimization,10.5281/zenodo.6574623,Replication,Python,https://zenodo.org/record/6574623/files/article.pdf,rescience c machine learning deep learning python pytorch,https://openreview.net/forum?id=BNefkaG73At,https://github.com/wi25hoy/MLRC21_Nondeterminism,8,2,2022
"[""Gabriel Baiocchi de Sant'Anna"", 'Mateus Favarin Costa']",[Re] A Multi-Functional Synthetic Gene Network,10.5281/zenodo.6801765,Replication,Octave,https://zenodo.org/record/6801765/files/article.pdf,rescience c octave biological computing synthetic biology programmable genetic circuit frequency multiplier oscillator toggle switch,https://github.com/ReScience/submissions/issues/13,https://github.com/baioc/re-multif,8,1,2022
"['Thomas Misiek', 'Mehdi Khamassi']",[Re] A general model of hippocampal and dorsal striatal learning and decision making,10.5281/zenodo.6573684,Replication,Python,https://zenodo.org/record/6573684/files/article.pdf,rescience c rescience x python rats spatial navigation striatum hippocampus coordination model DLS HPC Geerts reliability,https://github.com/ReScience/submissions/issues/62,https://github.com/thomasMisiek/mixed-coordination-models,8,1,2022
"['Coralie Picoche', 'William R. Young', 'Frederic Barraquand']",[Re] Reproductive pair correlations and the clustering of organisms,10.5281/zenodo.6546488,Replication,C++,https://zenodo.org/record/6546488/files/article.pdf,phytoplankton individual-based model clustering advection-diffusion-reaction C++,https://github.com/ReScience/submissions/issues/58,https://github.com/CoraliePicoche/brownian_bug_fluid/tree/main/code,8,1,2022
"['Tristan Gillard', 'Jérémy Fix', 'Alain Dutech']",[Re] Modeling habits as self-sustained patterns of sensorimotor behavior,https://doi.org/10.5281/zenodo.6484021,Replication,Python,https://zenodo.org/record/6478462/files/article.pdf,python habit formation cognitive neuroscience,https://github.com/ReScience/submissions/issues/51,https://gitlab.inria.fr/openbiscuit/rescience_egbert14,8,1,2022
"['Denis Maurel', 'Jérôme Fillioux', 'Dan Gugenheim']",[Re] Effective Program Debloating via Reinforcement Learning,10.5281/zenodo.6255131,Replication,Python,https://zenodo.org/record/6255131/files/article.pdf,program debloating reinforcement learning unit test python machine learning decision tree delta debugging,https://github.com/ReScience/submissions/issues/48,https://gitlab.com/onepoint/recherche-et-developpement/optimus/chisel-replication,8,1,2022
"['Rajeev Verma', 'Jim J. O. Wagemans', 'Paras Dahal', 'Auke Elfrink']",[Re] Explaining Groups of Points in Low-Dimensional Representations,10.5281/zenodo.4835602,Replication,Python,https://zenodo.org/record/4835602/files/article.pdf,rescience c rescience x,https://openreview.net/forum?id=cqAHExg2f,https://github.com/elfrink1/FACT,7,2,2021
"['Georgios Albanis', 'Nikolaos Zioulis', 'Anargyros Chatzitofis', 'Anastasios Dimou', 'Dimitrios Zarpalas', 'Petros Daras']",[Re] On end-to-end 6{DoF} object pose estimation and robustness to object scale,10.5281/zenodo.4833219,Replication,Python,https://zenodo.org/record/4833219/files/article.pdf,rescience c rescience x  python pytorch object pose estimation,https://openreview.net/forum?id=PCpGvUrwfQB,https://github.com/tzole1155/EndToEndObjectPose,7,2,2021
"['Mayur Arvind', 'Mustansir Mama']",[Re] Neural Networks Fail to Learn Periodic Functions and How to Fix It,10.5281/zenodo.4833389,Replication,python,https://zenodo.org/record/4833389/files/article.pdf,periodic functions activation python,https://openreview.net/forum?id=ysFCiXtCOj,https://github.com/mayurak47/Reproducibility_Challenge,7,2,2021
"['Tobias Teule', 'Nienke Reints', 'Chris Al Gerges', 'Pauline Baanders']",[Re] Deep Fair Clustering for Visual Learning,10.5281/zenodo.4833547,Replication,python,https://zenodo.org/record/4833547/files/article.pdf,rescience c rescience xpython Deep clustering,https://openreview.net/forum?id=DXVAJGohUKs,https://github.com/topteulen/UVA-FACT,7,2,2021
"['Prateek Garg', 'Lakshya Singhal', 'Ashish Sardana']",[Re] Training Binary Neural Networks using the Bayesian Learning Rule,10.5281/zenodo.4833681,Replication,Python,https://zenodo.org/record/4833681/files/article.pdf,rescience c machine learning deep learning binary neural network python pytorch,https://openreview.net/forum?id=bhiGno-Cxq,https://github.com/prateekstark/training-binary-neural-network,7,2,2021
"['Rahel Habacker', 'Andrew Harrison', 'Mathias Parisot', 'Ard Snijders']",[Re] Reproducing Learning to Deceive With Attention-Based Explanations,10.5281/zenodo.4834146,Replication,Python 3,https://zenodo.org/record/4834146/files/article.pdf,rescience c rescience x Python,https://openreview.net/forum?id=-rn9m0Gt6AQ,https://github.com/MatPrst/deceptive-attention-reproduced,7,2,2021
"['Lars Holdijk', 'Maarten Boon', 'Stijn Henckens', 'Lysander de Jong']",[Re] Parameterized Explainer for Graph Neural Network,10.5281/zenodo.4834242,Replication,English,https://zenodo.org/record/4834242/files/article.pdf,rescience c rescience x,https://openreview.net/forum?id=8JHrucviUf,https://github.com/LarsHoldijk/RE-ParameterizedExplainerForGraphNeuralNetworks,7,2,2021
"['Sunnie S. Y. Kim', 'Sharon Zhang', 'Nicole Meister', 'Olga Russakovsky']",[Re] Don't Judge an Object by Its Context: Learning to Overcome Contextual Bias,10.5281/zenodo.4834352,Replication,Python,https://zenodo.org/record/4834352/files/article.pdf,rescience c rescience x,https://openreview.net/forum?id=PRXM8-O9PKd,https://github.com/princetonvisualai/ContextualBias,7,2,2021
"['Ci Li', 'Ruibo Tu', 'Hui Zhang']",[Re] Reimplementation of FixMatch and Investigation on Noisy (Pseudo) Labels and Confirmation Errors of FixMatch,10.5281/zenodo.4834442,Replication,Python,https://zenodo.org/record/4834442/files/article.pdf,rescience c rescience x,https://openreview.net/forum?id=3VXeifKSaTE,https://github.com/Celiali/FixMatch.git,7,2,2021
"['Toomas Liiv', 'Einar Lennelöv', 'Aron Norén']",[Re] A Reproduction of Ensemble Distribution Distillation,10.5281/zenodo.4834516,Replication,Python,https://zenodo.org/record/4834516/files/article.pdf,rescience c rescience x uncertainty estimation ensemble distribution distillation tensorflow,https://openreview.net/forum?id=p1BXNUcTFsN,https://github.com/lennelov/endd-reproduce,7,2,2021
"['Kevin Stephen', 'Varun Menon']",[Re] Learning Memory Guided Normality for Anomaly Detection,10.5281/zenodo.4834610,Replication,Python,https://zenodo.org/record/4834610/files/article.pdf,rescience c rescience x,https://openreview.net/forum?id=vvLWTXkJ2Zv,https:/github.com/alchemi5t/MNADrc,7,2,2021
"['Sami Menteş', 'Furkan Kınlı', 'Barış Özcan', 'Furkan Kıraç']",[Re] Spatial-Adaptive Network for Single Image Denoising,10.5281/zenodo.4834672,Replication,Python,https://zenodo.org/record/4834672/files/article.pdf,image denoising image restoration image processing,https://openreview.net/forum?id=yiAI9QN9nYt&noteId=SMFjCY6qG8,https://github.com/sami-automatic/SADNet_Replication,7,2,2021
"['David Mizrahi', 'Oğuz Kaan Yüksel', 'Aiday Marlen Kyzy']",[Re] Can gradient clipping mitigate label noise?,10.5281/zenodo.4834744,Replication,Python,https://zenodo.org/record/4834744/files/article.pdf,rescience c machine learning deep learning label noise python pytorch,https://openreview.net/forum?id=TM_SgwWJA23,https://github.com/dmizr/phuber,7,2,2021
"['Klim Kireev', 'Amirkeivan Mohtashami', 'Ehsan Pajouheshgar']",[Re] Warm-Starting Neural Network Training,10.5281/zenodo.4834856,Replication,python,https://zenodo.org/record/4834856/files/article.pdf,warm-starting generalization deep learning,https://openreview.net/forum?id=N43DVxrjCw,https://github.com/CS-433/cs-433-project-2-fesenjoon,7,2,2021
"['Jishnu Jaykumar P', 'Ashish Sardana']",[Re] Improving Multi-hop Question Answering over Knowledge Graphs using Knowledge Base Embeddings,10.5281/zenodo.4834942,Replication,Python,https://zenodo.org/record/4834942/files/article.pdf,knowledge graph embeddings multi-hop question-answering deep learning,https://openreview.net/forum?id=VFAwCMdWY7,https://github.com/jishnujayakumar/MLRC2020-EmbedKGQA,7,2,2021
"['Damiaan J. W. Reijnaers', 'Daniël B. van de Pavert', 'Giguru Scheuer', 'Liang Huang']",[Re] Explaining Groups of Points in Low-Dimensional Representations,10.5281/zenodo.4835056,Replication,Python,https://zenodo.org/record/4835056/files/article.pdf,rescience c rescience x python counterfactual explanations transitive global translations dimensionality reduction explainable artificial intelligence,https://openreview.net/forum?id=hq3TxQK5cox,https://github.com/damiaanr/fact-ai,7,2,2021
"['Hidde Lekanne gezegd Deprez', 'Geerten Rijsdijk', 'Bart de Rooij', 'Wouter Zwerink']",[Re] Reproducing 'Identifying through flows for recovering latent representations',10.5281/zenodo.4839595,Replication,Python 3,https://zenodo.org/record/4839595/files/article.pdf,identifiability iFlow iVAE Normalizing Flows Python 3,https://openreview.net/forum?id=8jmIpypMzE,https://github.com/HiddeLekanne/Reproducibility-Challenge-iFlow,7,2,2021
"['Carles Balsells Rodas', 'Oleguer Canal Anton', 'Federico Taschin']",[Re] Hamiltonian Generative Networks,10.5281/zenodo.4835278,Replication,Python,https://zenodo.org/record/4835278/files/article.pdf,Hamiltonian generative network variational python pytorch,https://openreview.net/forum?id=Zszk4rXgesL,https://github.com/CampusAI/Hamiltonian-Generative-Networks,7,2,2021
"['Maja Schneider', 'Marco Körner']",[Re] Satellite Image Time Series Classification with Pixel-Set Encoders and Temporal Self-Attention,10.5281/zenodo.4835356,Replication,python,https://zenodo.org/record/4835356/files/article.pdf,rescience c rescience x python transformer self-attention time series crop classification earth observation,,https://github.com/maja601/pytorch-psetae,7,2,2021
"['Arsen Sheverdin', 'Alko Knijff', 'Noud Corten', 'Georg Lange']","[Re] Reproducibility report of ""Interpretable Complex-Valued Neural Networks for Privacy Protection""",10.5281/zenodo.4835431,Replication,Python,https://zenodo.org/record/4835431/files/article.pdf,rescience c rescience x machine learning deep complex valued neural network python pytorch,https://openreview.net/forum?id=P30M7d9DyXw,https://github.com/GANA-FACT-AI/gana-fact-ai,7,2,2021
"['Varun Sundar', 'Rajat Vadiraj Dwaraknath']",[Re] Rigging the Lottery: Making All Tickets Winners,10.5281/zenodo.4835564,Replication,Python,https://zenodo.org/record/4835564/files/article.pdf,rescience c rescience x python pytorch sparse-networks,https://openreview.net/forum?id=riCIeP6LzEE,https://github.com/varun19299/rigl-reproducibility,7,2,2021
"['Pieter Bouwman', 'Yun Li', 'Rogier van der Weerd', 'Frank Verhoef']",[Re] Reproducibility study - Does enforcing diversity in hidden states of LSTM-Attention models improve transparency?,10.5281/zenodo.4835592,Replication,Python,https://zenodo.org/record/4835592/files/article.pdf,Attention NLP Transparency Explainability Faithfulness Plausibility Reproducibility LSTM ReScience,https://openreview.net/forum?id=lE0wqKGROKa,https://github.com/MotherOfUnicorns/FACT_AI_project,7,2,2021
"['Ivo Verhoeven', 'Xinyi Chen', 'Qingzhi Hu', 'Mario Holubar']",[Re] Replication Study of 'Generative causal explanations of black-box classifiers',10.5281/zenodo.4835600,Replication,python,https://zenodo.org/record/4835600/files/article.pdf,rescience c rescience x python causal explanations variational  autoencoders  explainable  artificial  intelligence post-hoc explanation,https://openreview.net/forum?id=Vqtf4kZg2j,https://github.com/shin-ee-chen/UvA_FACT_2021,7,2,2021
"['Koustuv Sinha', 'Jesse Dodge', 'Sasha Luccioni', 'Jessica Zosa Forde', 'Robert Stojnic', 'Joelle Pineau']",ML Reproducibility Challenge 2020,10.5281/zenodo.4833117,Editorial,,https://zenodo.org/record/4833117/files/article.pdf,machine learning neurips reproducibility challenge,,,7,2,2021
"['Remya Sankar', 'Nicolas Thou', 'Nicolas P. Rougier', 'Arthur Leblois']",[Re] A Reservoir Computing Model of Reward-Modulated Motor Learning and Automaticity,10.5281/zenodo.5718075,Replication,Python,https://zenodo.org/record/5718075/files/article.pdf,rescience c Python,https://github.com/ReScience/submissions/issues/50,https://github.com/rsankar9/Reimplementation-SUPERTREX/releases/tag/v3.0,7,1,2021
"['Fares Dhane', 'Sandrine Soeharjono', 'Kiri Stern', 'Andrew MacDonald', 'Timothée Poisot']",[Re] The Evolution of Virulence in Pathogens with Vertical and Horizontal Transmission,10.5281/zenodo.5722853,Replication,Julia,https://zenodo.org/record/5722853/files/article.pdf,Epidemiology horizontal transmission vertical transmission pathogenicity virulence Julia,https://github.com/ReScience/submissions/issues/56,https://github.com/BIO6032/2019_replication_LipstichEtAl_1996,7,1,2021
"['Tawan T. A. Carvalho', 'Luana B. Domingos', 'Renan O. Shimoura', 'Nilton L. Kamiji', 'Vinicius L. Cordeiro', 'Mauro Copelli', 'Antonio C. Roque']",[Re] Context-Dependent Encoding of Fear and Extinction Memories in a Large-Scale Network Model of the Basal Amygdala,10.5281/zenodo.5657320,Replication,Python and Brian 2,https://zenodo.org/record/5657320/files/article.pdf,Basal amygdala Fear and extinction memories Context-dependent Conditioned stimulus Spiking network model,https://github.com/ReScience/submissions/issues/49,https://github.com/tawantayron/RE-Fear-and-extinction-in-a-BA-net-model,7,1,2021
"['Thomas E. Paul', 'Mathieu Bourdenx']",[Re] Spread of alpha-synuclein pathology through the brain connectome is modulated by selective vulnerability and predicted by network analysis,10.5281/zenodo.5379631,Replication,Python,https://zenodo.org/record/5379631/files/article.pdf,Neuroscience Alpha-synuclein Propagation Python,https://github.com/ReScience/submissions/issues/54,https://github.com/MathieuBo/PathoSpreading,7,1,2021
"['Olivier Mesnard', 'Lorena A. Barba']",[Re] Three-dimensional wake topology and propulsive performance of low-aspect-ratio pitching-rolling plates,10.5281/zenodo.5234931,Replication,C++,https://zenodo.org/record/5234931/files/article.pdf,rescience c Computational Fluid Dynamics C++ Python Singularity containers,https://github.com/ReScience/submissions/issues/55,https://github.com/barbagroup/petibm-rollingpitching,7,1,2021
"['Mukund Varma', 'Nishant Prabhu']",[Re] On the Relationship between Self-Attention and Convolutional Layers,10.5281/zenodo.5217602,Editorial,Python,https://zenodo.org/record/5217602/files/article.pdf,rescience c rescience x python pytorch self-attention,https://github.com/ReScience/submissions/issues/53,https://github.com/NishantPrabhu/Self-Attention-and-Convolutions,7,1,2021
['Philipp H. Boersch-Supan'],[Re] Modeling Insect Phenology Using Ordinal Regression and Continuation Ratio Models,10.5281/zenodo.5006005,Replication,R,https://zenodo.org/record/5006005/files/article.pdf,Insects categorical regression R sequential model,,https://github.com/pboesu/replication_candy_1991,7,1,2021
"['Fabrice Lécuyer', 'Maximilien Danisch', 'Lionel Tabourier']",[Re] Speedup Graph Processing by Graph Ordering,10.5281/zenodo.4836230,Replication,C++,https://zenodo.org/record/4836230/files/article.pdf,graph algorithm cache optimisation node ordering gorder,https://github.com/ReScience/submissions/issues/52,https://github.com/lecfab/rescience-gorder,7,1,2021
"['Theophile Boraud', 'Anthony Strock']",[Re] A Neurodynamical Model for Working Memory,10.5281/zenodo.4655870,Replication,Python,https://zenodo.org/record/4655870/files/article.pdf,Recurrent Neural Networks Echo State Networks Working Memory,https://github.com/ReScience/submissions/issues/8,https://github.com/theoboraud/JaegerESN,7,1,2021
['Félix Geoffroy'],[Re] Assortative matching and search,10.5281/zenodo.4646680,Replication,Python 3,https://zenodo.org/record/4646680/files/article.pdf,Search-and-matching markets biological markets game theory Python,https://github.com/ReScience/submissions/issues/47,https://github.com/fgeoffroy/-Re-Assortative-matching-and-search,7,1,2021
"['Carlos de la Torre-Ortiz', 'Aurélien Nioche']",[Re] Neural Network Model of Memory Retrieval,10.5281/zenodo.4461767,Replication,Python,https://zenodo.org/record/4461767/files/article.pdf,attractor neural networks recall oscillations memory neural representations python,https://github.com/ReScience/submissions/issues/10,https://github.com/c-torre/replication-recanatesi-2015,6,3,2021
"['Lukas Brückner', 'Aurélien Nioche']",[Re] Faster Teaching via POMDP Planning,10.5281/zenodo.4242943,Replication,python,https://zenodo.org/record/4242943/files/article.pdf,rescience c python automated teaching concept learning,https://github.com/ReScience/submissions/issues/44,https://github.com/luksurious/faster-teaching,6,3,2020
"['Iain Davies', 'Stephen Eglen']",[Re] The principal components of natural images,10.5281/zenodo.4139359,Replication,Julia,https://zenodo.org/record/4139359/files/article.pdf,PCA principal component analysis MATLAB V1 natural images visual cortex,https://github.com/ReScience/submissions/issues/45,https://github.com/IainDaviesMaths/Reproduction-Hancock.git,6,3,2020
"['Gabriel Dansereau', 'Francis Banville', 'Elodie Basque', 'Andrew MacDonald', 'Timothée Poisot']",[Re] Chaos in a Three-Species Food Chain,10.5281/zenodo.4022518,Replication,julia,https://zenodo.org/record/4022518/files/article.pdf,rescience ecological modelling food chain chaos julia,https://github.com/ReScience/submissions/issues/15,https://github.com/BIO6032/2019_replication_HastingsPowell_1991/,6,3,2020
['Harald Hentschke'],[Re] Hippocampal Phase-Amplitude Coupling unearthed again,10.5281/zenodo.4022361,Replication,Matlab,https://zenodo.org/record/4022361/files/article.pdf,rescience c Matlab hippocampus cross-frequency coupling phase-amplitude coupling theta oscillations gamma oscillations cholinergic system atropine,https://github.com/ReScience/submissions/issues/30,https://github.com/hhentschke/ReScience_10yrReproChallenge/tree/v.1.0.0,6,3,2020
['Sepehr Mahmoudian'],"{[Re] Measures for investigating the contextual modulation of information transmission}, journal",10.5281/zenodo.3885793,Replication,,https://zenodo.org/record/3885793/files/Reproduction_of_Smyth_et_al__1996.pdf,rescience c rescience x,https://github.com/ReScience/submissions/issues/29,https://github.com/sepehrmn/mahmoudian-2020-rescience,6,3,2020
"['Mary Upshall', 'Aaron R. Shifman']",[Re] Mathematical analysis of depolarization block mediated by slow inactivation of fast sodium channels in midbrain dopamine neurons,10.5281/zenodo.3842360,Replication,Python,https://zenodo.org/record/3842360/files/article.pdf,Python depolarization block dopaminergic neurons,https://github.com/ReScience/submissions/issues/9,https://github.com/mupsh/ReScience_Qian_2014,6,3,2020
"['Koustuv Sinha', 'Joelle Pineau', 'Jessica Forde', 'Rosemary Nan Ke', 'Hugo Larochelle']",NeurIPS 2019 Reproducibility Challenge,10.5281/zenodo.3818627,Editorial,,https://zenodo.org/record/3818627/files/article.pdf,machine learning neurips reproducibility challenge,,,6,2,2020
"['Nancy Nayak', 'Vishnu Raj', 'Sheetal Kalyani']",[Re] A comprehensive study on binary optimizer and its applicability,10.5281/zenodo.3818607,Replication,Python,https://zenodo.org/record/3818607/files/article.pdf,rescience c rescience x,https://openreview.net/forum?id=y53aaSM5o,https://github.com/nancy-nayak/rethinking-bnn,6,2,2020
"['Antonio Matosevic', 'Eliisabet Hein', 'Francesco Nuzzo']",[Re] Generative Modeling by Estimating Gradients of the Data Distribution,10.5281/zenodo.3818609,Replication,Python,https://zenodo.org/record/3818609/files/article.pdf,generative model tensorflow,https://openreview.net/forum?id=B1lcYrBgLH,https://github.com/Xemnas0/NCSN-TF2.0,6,2,2020
"['Felix Liljefors', 'Moein Sorkhei', 'Sofia Broomé']",[Re] Unsupervised Scalable Representation Learning for Multivariate Time Series,10.5281/zenodo.3818613,Replication,Python,https://zenodo.org/record/3818613/files/article.pdf,rescience c rescience x,https://openreview.net/forum?id=HyxQr65z6S,https://github.com/lilfelix/reproducibility_NeurIPS19,6,2,2020
"['Oskar Kviman', 'Linus Nilsson', 'Martin Larsson']",[Re] Tensor Monte Carlo: Particle Methods for the GPU Era,10.5281/zenodo.3818617,Replication,Python,https://zenodo.org/record/3818617/files/article.pdf,deep learning variational autoencoders rescience c python tensorflow,https://openreview.net/forum?id=BJxUSaczTH,https://github.com/LinuNils/TMC\_reproduced,6,2,2020
"['Ayush Garg', 'Sammed Shantinath Kagi']",[Re] Hamiltonian Neural Networks,10.5281/zenodo.3818621,Replication,Python,https://zenodo.org/record/3818621/files/article.pdf,hamiltonian neural networks pytorch,https://openreview.net/forum?id=HJxNSp9MTr,https://github.com/ayushgarg31/HNN-Neurips2019,6,2,2020
"['Alexandros Ferles', 'Alexander Nöu', 'Leonidas Valavanis']",[Re] Zero-Shot Knowledge Transfer via Adversarial Belief Matching,10.5281/zenodo.3818623,Replication,Python,https://zenodo.org/record/3818623/files/article.pdf,rescience c rescience x,,https://github.com/AlexandrosFerles/NIPS_2019_Reproducibilty_Challenge_Zero-shot_Knowledge_Transfer_via_Adversarial_Belief_Matching,6,2,2020
"['Yuting Liu', 'Jiahao Xu', 'Yiming Pan']",[Re] When to Trust Your Model: Model-Based Policy Optimization,10.5281/zenodo.3818611,Replication,Python,https://zenodo.org/record/3818611/files/article.pdf,model-based policy optimization pytorch tensorflow,https://openreview.net/forum?id=rkezvT9f6r,https://github.com/jxu43/replication-mbpo,6,2,2020
"['Gabriel Alacchi', 'Guillaume Lam', 'Carl Perreault-Lafleur']",[Re] Unsupervised Representation Learning in Atari,10.5281/zenodo.3818625,Replication,Python,https://zenodo.org/record/3818625/files/article.pdf,rescience c rescience x,https://openreview.net/forum?id=GAY8Xw9Qzs,https://github.com/GabrielAlacchi/atari-ari-extensions,6,2,2020
"['Varun Gohil', 'S. Deepak Narayanan', 'Atishay Jain']",[Re] One ticket to win them all: generalizing lottery ticket initializations across datasets and optimizers,10.5281/zenodo.3818619,Replication,Python,https://zenodo.org/record/3818619/files/article.pdf,lottery ticket hypothesis pytorch,https://openreview.net/forum?id=SklFHaqG6S,https://github.com/varungohil/Generalizing-Lottery-Tickets,6,2,2020
"['Aditya Singh', 'Alessandro Bay']",[Re] Improved Calibration and Predictive Uncertainty for Deep Neural Networks,10.5281/zenodo.3818605,Replication,Python,https://zenodo.org/record/3818605/files/article.pdf,rescience c rescience x network calibration mixup python pytorch,https://openreview.net/forum?id=JhZOkalsiI,https://github.com/MacroMayhem/OnMixup,6,2,2020
['Stephen J. Eglen'],[Re] Spatial constraints underlying the retinal mosaics of two types of horizontal cells in cat and macaque,10.5281/zenodo.5347786,ReScience C,R,https://zenodo.org/record/5347786/files/article.pdf,retinal mosaics spatial statistics R,https://github.com/ReScience/submissions/issues/34,https://github.com/sje30/rescience-hor,6,1,2021
['Ben Bond-Lamberty'],[Re] Drivers of evapotranspiration from boreal wildfires,10.5281/zenodo.4617894,Reproduction,R,https://zenodo.org/record/4617894/files/article.pdf,Ten Years Reproducibility Challenge R Hydrology Wildfire,https://github.com/ReScience/submissions/issues/40,https://github.com/bpbond/ten-years-paper33,6,1,2021
['Arthur Leblois'],[Re] Reproduction of the normal and pathological dynamics in the basal ganglia-thalamo-cortical network,10.5281/zenodo.4543356,Replication,C,https://zenodo.org/record/4543356/files/article.pdf,rescience c basal ganglia dynamics neural networks,https://github.com/ReScience/submissions/issues/28,https://github.com/aleblois/BGdynamics2006/blob/master/Copie%20de%20simdelai2boucles_all2all_GPe.c,6,1,2021
['Andreas Enge'],[Re] Volume computation for polytopes: Vingt ans après,10.5281/zenodo.4242972,Replication,C,https://zenodo.org/record/4242972/files/article.pdf,rescience c polytope volume C,https://github.com/ReScience/submissions/issues/27,https://doi.org/10.5281/zenodo.4293820,6,1,2020
['Adrian Barnett'],[Rp] Estimating trends and seasonality in coronary heart disease,10.5281/zenodo.4290512,Reproduction,SAS,https://zenodo.org/record/4290512/files/article.pdf,rescience c rescience x SAS,https://github.com/ReScience/submissions/issues/21,https://github.com/agbarnett/tenyears,6,1,2020
['Jerod Weinman'],"[Rp] Reproducing ""Typographical Features for Scene Text Recognition""",10.5281/zenodo.4091742,Reproduction,Java,https://zenodo.org/record/4091742/files/article.pdf,scene text recognition CUDA Matlab C MEX Java,https://github.com/ReScience/submissions/issues/35,http://hdl.handle.net/11084/23333,6,1,2020
['Carl Boettiger'],[Rp] Fluctuation domains in adaptive evolution,10.5281/zenodo.4081202,Reproduction,C R,https://zenodo.org/record/4081202/files/article.pdf,ten years reproducibility challenge R C,https://github.com/ReScience/submissions/issues/16,https://github.com/cboettig/fluctationDomains,6,1,2020
['Andrew P. Davison'],[Rp] Dendrodendritic inhibition and simulated odor responses in a detailed olfactory bulb network model,10.5281/zenodo.3972130,Reproduction,Hoc,https://zenodo.org/record/3972130/files/article.pdf,rescience c NEURON simulator Hoc,https://github.com/ReScience/submissions/issues/37,https://github.com/apdavison/bulbnet-reproduction,6,1,2020
['Michael Silberbauer'],"Re ReScience challenge: Geographical Trends in the Water Chemistry of Wetlands in the South-Western Cape Province, South Africas",10.5281/zenodo.3996198,Reproduction,Pascal,https://zenodo.org/record/3996198/files/article.pdf,water chemistry maucha wetland data visualisation pascal,https://github.com/ReScience/submissions/issues/25,,6,1,2020
['Boudewijn F. Roukema'],[¬Rp] Reproducibility of 'Poincaré dodecahedral space parameter estimates',10.5281/zenodo.3956058,Reproduction,fortran,https://zenodo.org/record/3943750/files/Roukema_ReSciC2020.pdf,fortran cosmology,https://github.com/ReScience/submissions/issues/41,https://codeberg.org/boud/0807.4260,6,1,2020
['Karl W. Broman'],[Rp] Reproducibility report: Identifying essential genes by mutagenesis,10.5281/zenodo.3959516,Reproduction,R,https://zenodo.org/record/3959516/files/article.pdf,rescience c ten years reproducibility challenge R MCMC tuberculosis Bayes,,https://github.com/kbroman/Paper_ReScience2020/,6,1,2020
['Sabino Maggi'],[Rp] Reproduction of Step width enhancement in a pulse-driven Josephson junction,10.5281/zenodo.3922195,Reproduction,Fortran,https://zenodo.org/record/3922195/files/article.pdf,rescience c fortran visual basic josephson junction voltage standard,https://github.com/ReScience/submissions/issues/23,https://github.com/sabinomaggi/ten-years-challenge-pulsed-drive,6,1,2020
['Olivier Pantalé'],[Rp] Parallelization of an object-oriented FEM dynamics code,10.5281/zenodo.3901241,Reproduction,C++,https://zenodo.org/record/3901241,C++ Finite Elements Code Parallel programming OpenMP,https://github.com/ReScience/submissions/issues/19,https://github.com/pantale/ReDynELA,6,1,2020
['Ludovic Courtès'],[Re] Storage Tradeoffs in a Collaborative Backup Service for Mobile Devices,10.5281/zenodo.3886739,Reproduction,C,https://zenodo.org/record/3886739/files/article.pdf,rescience c rescience x resilience fault tolerance C Scheme,https://github.com/ReScience/submissions/issues/32,https://gitlab.inria.fr/lcourtes-phd/edcc-2006-redone,6,1,2020
['Konrad Hinsen'],[¬Rp] Stokes drag on conglomerates of spheres,10.5281/zenodo.3889694,Reproduction,Fortran77,https://zenodo.org/record/3889694/files/article.pdf,protein structure protein crystals normal modes Python,https://github.com/ReScience/submissions/issues/20,https://github.com/khinsen/rescience-ten-year-challenge-paper-4,6,1,2020
['Nicolas P. Rougier'],[Rp] LOUPE,10.5281/zenodo.3886628,Reproduction,Applesoft Basic,https://zenodo.org/record/3886628/files/article.pdf,ten years reproducibility challenge apple //e,,https://github.com/rougier/TYRC-apple,6,1,2020
['Konrad Hinsen'],[Rp] Structural flexibility in proteins - impact of the crystal environment,10.5281/zenodo.3886447,Reproduction,Python,https://zenodo.org/record/3886447/files/article.pdf,protein structure protein crystals normal modes Python,https://github.com/ReScience/submissions/issues/14,https://github.com/khinsen/rescience-ten-year-challenge-paper-3,6,1,2020
['Charles H. Robert'],"[Rp] Reproducibility report: Estimating friction coefficients of mixed globular/chain molecules, such as protein/DNA complexes. [Biophys J 69, 840-848 (1995)]",10.5281/zenodo.3886412,Reproduction,Mathematica,https://zenodo.org/record/3886412/files/article.pdf,macromolecular structure protein-DNA assemblies chromatin fiber nucleosome translational diffusion coefficient friction coefficient,https://github.com/ReScience/submissions/issues/26,https://zenodo.org/record/3878075,6,1,2020
"[""Marc-Andr\\'e Delsuc""]",[Rp] Gifa V.4: A complete package for NMR data set processing,10.5281/zenodo.3904595,Reproduction,FORTRAN77,https://zenodo.org/record/3904595/files/article.pdf,NMR data processing FORTRAN77,https://github.com/ReScience/submissions/issues/33,https://github.com/delsuc/Gifa,6,1,2020
"['Roberto Di Cosmo', 'Marco Danelutto']",[Rp] Reproducing and replicating the OCamlP3l experiment,10.5281/zenodo.4041602,Reproduction,OCaml,https://zenodo.org/record/4041602/files/article.pdf,rescience c,https://github.com/ReScience/submissions/issues/22,https://archive.softwareheritage.org/swh:1:rev:2db189928c94d62a3b4757b3eec68f0a4d4113f0;origin=https://gitorious.org/ocamlp3l/ocamlp3l_cvs.git/,6,1,2020
['George C. McBane'],"[Rp] Reproduction of interaction second virial coefficient calculation for H$_2$--CO interactions [J. Chem. Phys. vol. 112, 4417 (2000)]",10.5281/zenodo.3630224,Reproduction,Fortran,https://zenodo.org/record/3630224/files/article.pdf,rescience c chemical physics potential energy surfaces virial coefficients Fortran,https://github.com/ReScience/submissions/issues/11,http://faculty.gvsu.edu/mcbaneg/virial6-resciencec.zip,6,1,2020
['Rene Larisch'],[Re] Connectivity reflects coding a model of voltage-based STDP with homeostasis,10.5281/zenodo.3538217,Replication,Python,https://zenodo.org/record/3538217/files/article.pdf,Spike Timing-Dependent Plasticity (STDP) Computational Neuroscience Unsupervised Learning Python,https://github.com/ReScience/ReScience-submission/pull/57#issuecomment-549728501,https://github.com/rLarisch/ReScience-submission/tree/Larisch-2019/code,5,3,2019
"['Vladimir Sukhoy', 'Alexander Stoytchev']",Eliminating the Variability of Cross-Validation Results with LIBLINEAR due to Randomization and Parallelization,10.5281/zenodo.3528175,Letter,c++,https://zenodo.org/record/3528175/files/article.pdf,c c++ randomized algorithms support vector machines cross-validation parallelized learning algorithms,https://github.com/ReScience/submissions/issues/6,https://github.com/sukhoy/cvrep,5,3,2019
"['Pauline Bock', 'Frédéric Alexandre']","{[Re] The Wisconsin Card Sorting Test: Theoretical analysis and modeling in a neuronal network}, journal",10.5281/zenodo.3545905,Replication,Python,https://zenodo.org/record/3545905/files/ReScience_Dehaene.pdf,Frontal Cortex Working Memory Neural Networks,https://github.com/ReScience/submissions/issues/7,https://github.com/PaulineBock/WCSTDehaeneChangeux,5,3,2019
"['Joelle Pineau', 'Koustuv Sinha', 'Genevieve Fried', 'Rosemary Nan Ke', 'Hugo Larochelle']",ICLR Reproducibility Challenge 2019,10.5281/zenodo.3158244,Editorial,,https://zenodo.org/record/3158244/files/article.pdf,machine learning ICLR reproducibility challenge,https://github.com/ReScience/submissions/issues/5,,5,2,2019
"['Arnout Devos', 'Sylvain Chatel', 'Matthias Grossglauser']",[Re] Meta-learning with differentiable closed-form solvers,10.5281/zenodo.3160540,Replication,Python,https://zenodo.org/record/3160540/files/article.pdf,Machine Learning Meta-Learning Few-Shot Deep-Learning Python,https://github.com/reproducibility-challenge/iclr_2019/pull/150,https://github.com/ArnoutDevos/r2d2,5,2,2019
"['Alfredo De la Fuente', 'Robert Aduviri']",[Re] Variational Sparse Coding,10.5281/zenodo.3161734,Replication,Python,https://zenodo.org/record/3161734/files/article.pdf,generative models variational autoencoders sparse coding,https://github.com/reproducibility-challenge/iclr_2019/pull/146,https://github.com/Alfo5123/Variational-Sparse-Coding,5,2,2019
"['Francesco Bardi', 'Samuel von Baussnern', 'Emiljano Gjiriti']",[Re] Learning Neural PDE Solvers with Convergence Guarantees ICLR Reproducibility Challenge 2019,10.5281/zenodo.3162890,Replication,Python,https://zenodo.org/record/3162890/files/article.pdf,PDE PDE Solver Deep Learning Python PyTorch,https://github.com/reproducibility-challenge/iclr_2019/pull/136,https://github.com/francescobardi/pde_solver_deep_learned,5,2,2019
['Aniket Didolkar'],[Re] h-detach: Modifying the LSTM gradient towards better optimization,10.5281/zenodo.3162114,Replication,python,https://zenodo.org/record/3162114/files/article.pdf,Machine Learning ICLR Reproducibility Challenge ICLR 2019,https://github.com/reproducibility-challenge/iclr_2019/pull/148,https://github.com/dido1998/h-detach/tree/v1.0,5,2,2019
"['Thomas R. Etherington', 'David J. Lieske']",[Re] Resampling methods for evaluating classification accuracy of wildlife habitat models,10.5281/zenodo.3234524,Replication,Python,https://zenodo.org/record/3234524/files/article.pdf,ecology wildlife habitat model,https://github.com/ReScience/ReScience-submission/pull/52,https://github.com/tretherington/ReScience-submission/tree/etherington-lieske,5,1,2019
"['Konrad Hinsen', 'Nicolas P. Rougier']",ReScience (R)evolution,10.5281/zenodo.3069619,Editorial,,https://zenodo.org/record/3069619/files/article.pdf,rescience c rescience x,,,5,1,2019
"['Simen Tennøe', 'Kjetil Hodne', 'Trude M. Haug', 'Finn-Arne Weltzien', 'Gaute T. Einevoll', 'Geir Halnes']",[Re] Fast-Activating Voltage- and Calcium-Dependent Potassium (BK) Conductance Promotes Bursting in Pituitary Cells: A Dynamic Clamp Study,10.5281/zenodo.2611252,Replication,Python,https://github.com/ReScience-Archives/Tenn-e-Hodne-Haug-Weltzien-Einevoll-Halnes-2019/blob/master/article/tenn%C3%B8e-hodne-haug-weltzien-einevoll-halnes-2018.pdf,Neuroscience Uncertainty quantification Pituitary cells,https://github.com/ReScience/ReScience-submission/pull/53,https://github.com/ReScience-Archives/Tenn-e-Hodne-Haug-Weltzien-Einevoll-Halnes-2019,5,1,2019
"['Dominique Caron', 'Vincent Lessard', 'Qile Wu', 'Timothée Poisot']",[Re] Insect natural enemies as regulating factors,10.5281/zenodo.2598793,Replication,Julia,https://github.com/ReScience-Archives/Caron-Lessard-Wu-Poisot-2019/blob/master/article/Caron-Lessard-Wu-Poisot-2019.pdf,population dynamics ecology stochastic models,https://github.com/ReScience/ReScience-submission/pull/50,https://github.com/ReScience-Archives/Caron-Lessard-Wu-Poisot-2019,5,1,2019
"['Pamela Hathway', 'Dan F. M. Goodman']",[Re] Spike Timing Dependent Plasticity Finds the Start of Repeating Patterns in Continuous Spike Trains,10.5281/zenodo.1327348,Replication,Python,https://github.com/ReScience-Archives/Hathway-Goodman-2018/blob/master/article/Hathway-Goodman-2018.pdf,STDP Spatio-temporal spike pattern,https://github.com/ReScience/ReScience-submission/pull/51,https://github.com/ReScience-Archives/Hathway-Goodman-2018,4,1,2018
['Timothée Poisot'],[Re] On the coexistence of specialists and generalists,10.5281/zenodo.1402676,Replication,Julia,https://github.com/ReScience-Archives/Poisot-2018/blob/master/article/Poisot-2018.pdf,Community ecology Specialist Generalist Coexistence,https://github.com/ReScience/ReScience-submission/pull/39,https://github.com/ReScience-Archives/Poisot-2018,4,1,2018
"['Sophie Bavard', 'Héloïse Théro']",[Re] Adaptive properties of differential learning rates for positive and negative outcomes,10.5281/zenodo.1289889,Replication,Python,https://github.com/ReScience-Archives/Bavard-Thero-2018/raw/master/article/Bavard-Thero-2018.pdf,Reinforcement learning Q-learning adaptive learning rates,https://github.com/ReScience/ReScience-submission/pull/47,https://github.com/ReScience-Archives/Bavard-Thero-2018,4,1,2018
"['Romain Cazé', 'Marcel Stimberg', 'Benoît Girard']",[Re] Non-additive coupling enables propagation of synchronous spiking activity in purely random networks,10.5281/zenodo.1246659,Replication,Python,https://github.com/ReScience-Archives/Caze-Stimberg-Girard-2018/blob/master/article/Caze_2018.pdf,Dendrites non-linearities network synfire chain,https://github.com/ReScience/ReScience-submission/pull/45,https://github.com/ReScience-Archives/Caze-Stimberg-Girard-2018/,4,1,2018
"['Renan O. Shimoura', 'Nilton L. Kamij', 'Rodrigo F.O. Pena', 'Vinicius L. Cordeiro', 'Cesar C. Ceballos', 'Cecilia Romaro', 'Antonio C. Roque']",[Re] The cell-type specific cortical microcircuit: relating structure and activity in a full-scale spiking network model,10.5281/zenodo.1244116,ReScience,Python,https://github.com/ReScience-Archives/ShimouraR-KamijiNL-PenaRFO-CordeiroVL-CeballosCC-RomaroC-RoqueAC-2017/blob/master/article/ShimouraR-KamijiNL-PenaRFO-CordeiroVL-CeballosCC-RomaroC-RoqueAC-2017.pdf,Cerebral cortex Cortical microcircuit Large-scale models,https://github.com/ReScience/ReScience-submission/pull/43,https://github.com/ReScience-Archives/ShimouraR-KamijiNL-PenaRFO-CordeiroVL-CeballosCC-RomaroC-RoqueAC-2017/,4,1,2018
"['Mario Senden', 'Jannis Schuecker', 'Jan Hahne', 'Markus Diesmann', 'Rainer Goebel']",[Re] A neural model of the saccade generator in the reticular formation,10.5281/zenodo.1241004,Replication,Python,https://github.com/ReScience-Archives/Senden-Schuecker-Hahne-Diesmann-Goebel-2018/blob/master/article/senden-schuecker-hahne-diesmann-goebel-2018.pdf,Supercomputing Waveform Relaxation Parallelization Rate,https://github.com/ReScience/ReScience-submission/pull/46,https://github.com/ReScience-Archives/Senden-Schuecker-Hahne-Diesmann-Goebel-2018,4,1,2018
"['Thierry D.G.A. Mondeel', 'Vivian Ogundipe', 'Hans V. Westerhoff']",[Re] Predicting metabolic biomarkers of human inborn errors of metabolism,10.5281/zenodo.1254629,Replication,Python,https://github.com/ReScience-Archives/Mondeel-Ogundipe-Westerhoff-2018/blob/master/article/Mondeel_Ogundipe_Westerhoff-2017.pdf,Flux variability analysis (FVA) inborn errors of metabolism,https://github.com/ReScience/ReScience-submission/pull/41,https://github.com/ReScience-Archives/Mondeel-Ogundipe-Westerhoff-2018,4,1,2018
['Georgios Detorakis'],[Re] A Generalized Linear Integrate-and-Fire Neural Model Produces Diverse Spiking Behaviors,10.5281/zenodo.1003214,Replication,Python,https://github.com/ReScience-Archives/Detorakis-2017/blob/master/article/detorakis-2017.pdf,Generalized Linear Integrate-and-Fire,https://github.com/ReScience/ReScience-submission/pull/35,https://github.com/ReScience-Archives/Detorakis-2017,3,1,2017
['Alexandra K. Diem'],[Re] A bidirectional model for communication in the neurovascular unit,10.5281/zenodo.890901,Replication,Python,https://github.com/ReScience-Archives/Diem-2017/blob/master/article/Diem-2017.pdf,Neurovascular modelling Neurovascular unit Chemical signalling astrocytes,https://github.com/ReScience/ReScience-submission/pull/33,https://github.com/ReScience-Archives/Diem-2017,3,1,2017
['Hrvoje Stojić'],[Re] How learning can guide evolution,10.5281/zenodo.890884,Replication,R,https://github.com/ReScience-Archives/Stojic-2017/blob/master/article/Stojic-2017.pdf,Evolution Learning Baldwin effect,https://github.com/ReScience/ReScience-submission/pull/36,https://github.com/ReScience-Archives/Stojic-2017,3,1,2017
['Frank Stollmeier'],[Re] A simple rule for the evolution of cooperation on graphs and social networks,10.5281/zenodo.847732,Replication,Python,https://github.com/ReScience-Archives/Stollmeier-2017/blob/master/article/Stollmeier-2017.pdf,Evolutionary Game Theory Networks,https://github.com/ReScience/ReScience-submission/pull/27,https://github.com/ReScience-Archives/Stollmeier-2017,3,1,2017
['Christoph Metzner'],[Re] Modeling GABA Alterations in Schizophrenia: A Link Between Impaired Inhibition and Gamma and Beta Auditory Entrainment,10.5281/zenodo.854616,Replication,Python,https://github.com/ReScience-Archives/Metzner-2017/blob/1.0/article/Metzner-2017.pdf,Gamma and Beta Oscillations Auditory Entrainment Schizophrenia,https://github.com/ReScience/ReScience-submission/pull/30,https://github.com/ReScience-Archives/Metzner-2017/,3,1,2017
['Nicolas P. Rougier'],[Re] Weighted Voronoi Stippling,10.5281/zenodo.802285,Replication,Python,https://github.com/ReScience-Archives/Rougier-2017/blob/master/article/Rougier-2017.pdf,Stippling Voronoi Blue Noise,https://github.com/ReScience/ReScience-submission/pull/28,https://github.com/ReScience-Archives/Rougier-2017,3,1,2017
"['Vahid Rostami', 'Junji Ito', 'Michael Denker', 'Sonja Grün']",[Re] Spike Synchronization and Rate Modulation Differentially Involved in Motor Cortical Function,10.5281/zenodo.583814,Replication,Python,https://github.com/ReScience-Archives/Rostami-Ito-Denker-Gruen-2017/blob/master/article/Rostami-Ito-Denker-Gruen-2017.pdf,Spike time synchrony Unitary Events method,https://github.com/ReScience/ReScience-submission/pull/24,https://github.com/ReScience-Archives/Rostami-Ito-Denker-Gruen-2017,3,1,2017
"['Rafael Neto Henriques', 'Ariel Rokem', 'Eleftherios Garyfallidis', 'Samuel St-Jean', 'Eric Thomas Peterson', 'Marta Morgado Correia']",[Re] Optimization of a free water elimination two-compartment model for diffusion tensor imaging,10.5281/zenodo.495237,Replication,Python,https://github.com/ReScience-Archives/Henriques-Rokem-Garyfallidis-St-Jean-Peterson-Correia-2017/raw/master/article/Henriques-Rokem-Garyfallidis-St-Jean-Peterson-Correia-2017.pdf,Diffusion-weighted imaging Diffusion modeling Diffusion tensor imaging,https://github.com/ReScience/ReScience-submission/pull/26,https://github.com/ReScience-Archives/Henriques-Rokem-Garyfallidis-St-Jean-Peterson-Correia-2017,3,1,2017
['Aaron Shifman'],[Re] Ionic Current Model of a Hypoglossal Motoneuron,10.5281/zenodo.254145,Replication,Python,https://github.com/ReScience-Archives/Shifman-2017/raw/master/article/shifman-2017.pdf,,https://github.com/ReScience/ReScience-submission/pull/22,https://github.com/ReScience-Archives/Shifman-2017,3,1,2017
"['Erwan Le Masson', 'Frédéric Alexandre']",[Re] How Attention Can Create Synaptic Tags for the Learning of Working Memories in Sequential Tasks,10.5281/zenodo.200334,Replication,Python,https://github.com/ReScience-Archives/Le_Masson-Alexandre-2016/raw/master/article/Le_Masson-Alexandre-2016.pdf,Deep learning Associative cortex,https://github.com/ReScience/ReScience-submission/pull/21,https://github.com/ReScience-Archives/Le_Masson-Alexandre-2016,2,1,2016
['Julien Vitay'],[Re] Robust timing and motor patterns by taming chaos in recurrent neural networks,10.5281/zenodo.159545,Replication,Python,https://github.com/ReScience-Archives/Vitay-2016/raw/master/article/vitay-2016.pdf,Recurrent neural networks Reservoir computing,https://github.com/ReScience/ReScience-submission/pull/19,https://github.com/ReScience-Archives/Vitay-2016,2,1,2016
"['Andrei Maksimov', 'Sacha J. van Albada', 'Markus Diesmann']",[Re] Cellular and network mechanisms of slow oscillatory activity (<1 Hz) and wave propagations in a cortical network model,10.5281/zenodo.161526,Replication,Python,https://github.com/ReScience-Archives/Maksimov-Albada-Diesmann-2016/raw/master/article/maksimov-albada-diesmann-2016.pdf,NEST Network Modeling Up-Down Oscillations Cortex,https://github.com/ReScience/ReScience-submission/pull/18,https://github.com/ReScience-Archives/Maksimov-Albada-Diesmann-2016,2,1,2016
['Georgios Detorakis'],[Re] Multiple dynamical modes of thalamic relay neurons: rhythmic bursting and intermittent phase-locking,10.5281/zenodo.61697,Replication,Python,https://github.com/ReScience-Archives/Detorakis-2016/raw/master/article/detorakis-2016.pdf,Conductance-based model Thalamic relay neurons Intermittent phase-locking Spindle oscillation Delta oscillation,https://github.com/ReScience/ReScience-submission/pull/17,https://github.com/ReScience-Archives/Detorakis-2016.git,2,1,2016
"['Owen Petchey', 'Marco Plebani', 'Frank Pennekamp']",[Re] Chaos in a long-term experiment with a plankton community,10.5281/zenodo.50213,Replication,R,https://github.com/ReScience-Archives/Petchey-2016/raw/master/article/article.pdf,Forecasting Prediction Chaos Nonlinear dynamics Plankton,https://github.com/ReScience/ReScience-submission/pull/15,https://github.com/ReScience-Archives/Petchey-Plebani-Pennekamp-2016,2,1,2016
['Joseph Stachelek'],[Re] Least-cost modelling on irregular landscape graphs,10.5281/zenodo.47146,Replication,R,https://github.com/ReScience-Archives/Stachelek-2016/raw/master/article/article.pdf,Least-cost path Delaunay triangulation Graph Theory,https://github.com/ReScience/ReScience-submission/pull/14,https://github.com/ReScience-Archives/Stachelek-2016/,2,1,2016
"['Guillaume Viejo', 'Benoît Girard', 'Mehdi Khamassi']",[Re] Speed/accuracy trade-off between the habitual and the goal-directed process,10.5281/zenodo.45852,Replication,Python,https://github.com/ReScience-Archives/Viejo-Girard-Khamassi-2016/raw/master/article/viejo_girard_khamassi.pdf,Neuroscience Decision making,https://github.com/ReScience/ReScience-submission/pull/14,https://github.com/ReScience-Archives/Viejo-Girard-Khamassi-2016,2,1,2016
"['Meropi Topalidou', 'Nicolas P. Rougier']",[Re] Interaction between cognitive and motor cortico-basal ganglia loops during decision making: a computational study,10.5281/zenodo.27944,Replication,Python,https://github.com/ReScience-Archives/ReScience-Entry-Topalidou-Rougier-2015/raw/1.0/article/article.pdf,Neuroscience Basal Ganglia Python,https://github.com/ReScience/ReScience-submission/pull/3,https://github.com/ReScience-Archives/ReScience-Entry-Topalidou-Rougier-2015,1,1,2015
